https://bassadv.com/bassrwd.css	bassrwd.css
https://bassadv.com/cookies.js	cookies.js
https://bassadv.com/db/pic/char/10589008.gif	db/pic/char/10589008.gif
https://bassadv.com/db/pic/char/10703359.gif	db/pic/char/10703359.gif
https://bassadv.com/db/pic/char/12935184.gif	db/pic/char/12935184.gif
https://bassadv.com/db/pic/char/13373046.gif	db/pic/char/13373046.gif
https://bassadv.com/db/pic/char/13915015.png	db/pic/char/13915015.png
https://bassadv.com/db/pic/char/14021587.png	db/pic/char/14021587.png
https://bassadv.com/db/pic/char/14131043.gif	db/pic/char/14131043.gif
https://bassadv.com/db/pic/char/14446411.gif	db/pic/char/14446411.gif
https://bassadv.com/db/pic/char/14527521.gif	db/pic/char/14527521.gif
https://bassadv.com/db/pic/char/16223683.gif	db/pic/char/16223683.gif
https://bassadv.com/db/pic/char/16590258.gif	db/pic/char/16590258.gif
https://bassadv.com/db/pic/char/17846724.gif	db/pic/char/17846724.gif
https://bassadv.com/db/pic/char/20485931.gif	db/pic/char/20485931.gif
https://bassadv.com/db/pic/char/20898601.png	db/pic/char/20898601.png
https://bassadv.com/db/pic/char/22273006.gif	db/pic/char/22273006.gif
https://bassadv.com/db/pic/char/28156464.gif	db/pic/char/28156464.gif
https://bassadv.com/db/pic/char/29758324.gif	db/pic/char/29758324.gif
https://bassadv.com/db/pic/char/29909722.gif	db/pic/char/29909722.gif
https://bassadv.com/db/pic/char/30115257.png	db/pic/char/30115257.png
https://bassadv.com/db/pic/char/30314237.gif	db/pic/char/30314237.gif
https://bassadv.com/db/pic/char/31666152.gif	db/pic/char/31666152.gif
https://bassadv.com/db/pic/char/34063297.gif	db/pic/char/34063297.gif
https://bassadv.com/db/pic/char/36642163.png	db/pic/char/36642163.png
https://bassadv.com/db/pic/char/37401541.gif	db/pic/char/37401541.gif
https://bassadv.com/db/pic/char/37537573.gif	db/pic/char/37537573.gif
https://bassadv.com/db/pic/char/38280102.png	db/pic/char/38280102.png
https://bassadv.com/db/pic/char/38733302.gif	db/pic/char/38733302.gif
https://bassadv.com/db/pic/char/38749728.gif	db/pic/char/38749728.gif
https://bassadv.com/db/pic/char/38786964.png	db/pic/char/38786964.png
https://bassadv.com/db/pic/char/38942605.png	db/pic/char/38942605.png
https://bassadv.com/db/pic/char/41556998.gif	db/pic/char/41556998.gif
https://bassadv.com/db/pic/char/41733486.gif	db/pic/char/41733486.gif
https://bassadv.com/db/pic/char/43559377.gif	db/pic/char/43559377.gif
https://bassadv.com/db/pic/char/46068858.gif	db/pic/char/46068858.gif
https://bassadv.com/db/pic/char/46561068.gif	db/pic/char/46561068.gif
https://bassadv.com/db/pic/char/46658247.gif	db/pic/char/46658247.gif
https://bassadv.com/db/pic/char/47556462.gif	db/pic/char/47556462.gif
https://bassadv.com/db/pic/char/47566730.gif	db/pic/char/47566730.gif
https://bassadv.com/db/pic/char/48073817.gif	db/pic/char/48073817.gif
https://bassadv.com/db/pic/char/48566443.gif	db/pic/char/48566443.gif
https://bassadv.com/db/pic/char/49834178.gif	db/pic/char/49834178.gif
https://bassadv.com/db/pic/char/50163791.png	db/pic/char/50163791.png
https://bassadv.com/db/pic/char/50442385.png	db/pic/char/50442385.png
https://bassadv.com/db/pic/char/51680146.gif	db/pic/char/51680146.gif
https://bassadv.com/db/pic/char/52272524.gif	db/pic/char/52272524.gif
https://bassadv.com/db/pic/char/52620538.png	db/pic/char/52620538.png
https://bassadv.com/db/pic/char/54151441.gif	db/pic/char/54151441.gif
https://bassadv.com/db/pic/char/54836758.gif	db/pic/char/54836758.gif
https://bassadv.com/db/pic/char/55152491.png	db/pic/char/55152491.png
https://bassadv.com/db/pic/char/56243179.gif	db/pic/char/56243179.gif
https://bassadv.com/db/pic/char/60289521.gif	db/pic/char/60289521.gif
https://bassadv.com/db/pic/char/62801550.gif	db/pic/char/62801550.gif
https://bassadv.com/db/pic/char/62857989.gif	db/pic/char/62857989.gif
https://bassadv.com/db/pic/char/63137605.gif	db/pic/char/63137605.gif
https://bassadv.com/db/pic/char/64308600.gif	db/pic/char/64308600.gif
https://bassadv.com/db/pic/char/64988629.gif	db/pic/char/64988629.gif
https://bassadv.com/db/pic/char/65421973.gif	db/pic/char/65421973.gif
https://bassadv.com/db/pic/char/65579358.gif	db/pic/char/65579358.gif
https://bassadv.com/db/pic/char/65982166.png	db/pic/char/65982166.png
https://bassadv.com/db/pic/char/66852489.gif	db/pic/char/66852489.gif
https://bassadv.com/db/pic/char/68415824.gif	db/pic/char/68415824.gif
https://bassadv.com/db/pic/char/69820360.gif	db/pic/char/69820360.gif
https://bassadv.com/db/pic/char/70176738.gif	db/pic/char/70176738.gif
https://bassadv.com/db/pic/char/70550657.gif	db/pic/char/70550657.gif
https://bassadv.com/db/pic/char/71779013.gif	db/pic/char/71779013.gif
https://bassadv.com/db/pic/char/72471713.gif	db/pic/char/72471713.gif
https://bassadv.com/db/pic/char/72570037.gif	db/pic/char/72570037.gif
https://bassadv.com/db/pic/char/72595794.gif	db/pic/char/72595794.gif
https://bassadv.com/db/pic/char/72634274.png	db/pic/char/72634274.png
https://bassadv.com/db/pic/char/72924708.gif	db/pic/char/72924708.gif
https://bassadv.com/db/pic/char/73026348.png	db/pic/char/73026348.png
https://bassadv.com/db/pic/char/75425390.gif	db/pic/char/75425390.gif
https://bassadv.com/db/pic/char/75797750.png	db/pic/char/75797750.png
https://bassadv.com/db/pic/char/78008777.gif	db/pic/char/78008777.gif
https://bassadv.com/db/pic/char/78931677.gif	db/pic/char/78931677.gif
https://bassadv.com/db/pic/char/80714900.gif	db/pic/char/80714900.gif
https://bassadv.com/db/pic/char/82576136.gif	db/pic/char/82576136.gif
https://bassadv.com/db/pic/char/84813269.gif	db/pic/char/84813269.gif
https://bassadv.com/db/pic/char/85636170.png	db/pic/char/85636170.png
https://bassadv.com/db/pic/char/85669007.gif	db/pic/char/85669007.gif
https://bassadv.com/db/pic/char/85993998.gif	db/pic/char/85993998.gif
https://bassadv.com/db/pic/char/86475527.png	db/pic/char/86475527.png
https://bassadv.com/db/pic/char/88166680.png	db/pic/char/88166680.png
https://bassadv.com/db/pic/char/89143796.gif	db/pic/char/89143796.gif
https://bassadv.com/db/pic/char/89247693.gif	db/pic/char/89247693.gif
https://bassadv.com/db/pic/char/91933227.gif	db/pic/char/91933227.gif
https://bassadv.com/db/pic/char/92759517.gif	db/pic/char/92759517.gif
https://bassadv.com/db/pic/char/94149282.gif	db/pic/char/94149282.gif
https://bassadv.com/db/pic/char/94296943.gif	db/pic/char/94296943.gif
https://bassadv.com/db/pic/char/94436297.gif	db/pic/char/94436297.gif
https://bassadv.com/db/pic/char/95453480.gif	db/pic/char/95453480.gif
https://bassadv.com/db/pic/char/95916534.gif	db/pic/char/95916534.gif
https://bassadv.com/db/pic/char/96404436.gif	db/pic/char/96404436.gif
https://bassadv.com/db/pic/char/97170212.gif	db/pic/char/97170212.gif
https://bassadv.com/db/pic/char/97838975.gif	db/pic/char/97838975.gif
https://bassadv.com/db/pic/char/99070501.png	db/pic/char/99070501.png
https://bassadv.com/db/pic/char2/10223188.gif	db/pic/char2/10223188.gif
https://bassadv.com/db/pic/char2/11719800.gif	db/pic/char2/11719800.gif
https://bassadv.com/db/pic/char2/12130211.gif	db/pic/char2/12130211.gif
https://bassadv.com/db/pic/char2/12191855.gif	db/pic/char2/12191855.gif
https://bassadv.com/db/pic/char2/12291764.gif	db/pic/char2/12291764.gif
https://bassadv.com/db/pic/char2/13504455.gif	db/pic/char2/13504455.gif
https://bassadv.com/db/pic/char2/14101057.gif	db/pic/char2/14101057.gif
https://bassadv.com/db/pic/char2/15501859.png	db/pic/char2/15501859.png
https://bassadv.com/db/pic/char2/17389500.gif	db/pic/char2/17389500.gif
https://bassadv.com/db/pic/char2/19214254.gif	db/pic/char2/19214254.gif
https://bassadv.com/db/pic/char2/20100245.gif	db/pic/char2/20100245.gif
https://bassadv.com/db/pic/char2/20935827.gif	db/pic/char2/20935827.gif
https://bassadv.com/db/pic/char2/20944591.gif	db/pic/char2/20944591.gif
https://bassadv.com/db/pic/char2/21720221.gif	db/pic/char2/21720221.gif
https://bassadv.com/db/pic/char2/21863820.gif	db/pic/char2/21863820.gif
https://bassadv.com/db/pic/char2/22110883.png	db/pic/char2/22110883.png
https://bassadv.com/db/pic/char2/22377526.gif	db/pic/char2/22377526.gif
https://bassadv.com/db/pic/char2/23452139.gif	db/pic/char2/23452139.gif
https://bassadv.com/db/pic/char2/23649379.gif	db/pic/char2/23649379.gif
https://bassadv.com/db/pic/char2/28050066.gif	db/pic/char2/28050066.gif
https://bassadv.com/db/pic/char2/31312691.png	db/pic/char2/31312691.png
https://bassadv.com/db/pic/char2/32310221.gif	db/pic/char2/32310221.gif
https://bassadv.com/db/pic/char2/32568823.gif	db/pic/char2/32568823.gif
https://bassadv.com/db/pic/char2/32610593.gif	db/pic/char2/32610593.gif
https://bassadv.com/db/pic/char2/33159130.gif	db/pic/char2/33159130.gif
https://bassadv.com/db/pic/char2/35982982.gif	db/pic/char2/35982982.gif
https://bassadv.com/db/pic/char2/36889276.gif	db/pic/char2/36889276.gif
https://bassadv.com/db/pic/char2/37281473.gif	db/pic/char2/37281473.gif
https://bassadv.com/db/pic/char2/37520382.gif	db/pic/char2/37520382.gif
https://bassadv.com/db/pic/char2/39984416.gif	db/pic/char2/39984416.gif
https://bassadv.com/db/pic/char2/42149960.png	db/pic/char2/42149960.png
https://bassadv.com/db/pic/char2/43315630.gif	db/pic/char2/43315630.gif
https://bassadv.com/db/pic/char2/44977651.gif	db/pic/char2/44977651.gif
https://bassadv.com/db/pic/char2/49236266.gif	db/pic/char2/49236266.gif
https://bassadv.com/db/pic/char2/51424002.gif	db/pic/char2/51424002.gif
https://bassadv.com/db/pic/char2/54748342.gif	db/pic/char2/54748342.gif
https://bassadv.com/db/pic/char2/55032187.gif	db/pic/char2/55032187.gif
https://bassadv.com/db/pic/char2/57112410.png	db/pic/char2/57112410.png
https://bassadv.com/db/pic/char2/58400921.gif	db/pic/char2/58400921.gif
https://bassadv.com/db/pic/char2/60141902.gif	db/pic/char2/60141902.gif
https://bassadv.com/db/pic/char2/62657469.gif	db/pic/char2/62657469.gif
https://bassadv.com/db/pic/char2/64525403.gif	db/pic/char2/64525403.gif
https://bassadv.com/db/pic/char2/68721745.gif	db/pic/char2/68721745.gif
https://bassadv.com/db/pic/char2/68745413.gif	db/pic/char2/68745413.gif
https://bassadv.com/db/pic/char2/69176270.gif	db/pic/char2/69176270.gif
https://bassadv.com/db/pic/char2/69184370.gif	db/pic/char2/69184370.gif
https://bassadv.com/db/pic/char2/69764667.gif	db/pic/char2/69764667.gif
https://bassadv.com/db/pic/char2/69994963.gif	db/pic/char2/69994963.gif
https://bassadv.com/db/pic/char2/71438014.gif	db/pic/char2/71438014.gif
https://bassadv.com/db/pic/char2/71916982.gif	db/pic/char2/71916982.gif
https://bassadv.com/db/pic/char2/72396067.gif	db/pic/char2/72396067.gif
https://bassadv.com/db/pic/char2/73427191.gif	db/pic/char2/73427191.gif
https://bassadv.com/db/pic/char2/73557532.gif	db/pic/char2/73557532.gif
https://bassadv.com/db/pic/char2/76880763.gif	db/pic/char2/76880763.gif
https://bassadv.com/db/pic/char2/76991207.gif	db/pic/char2/76991207.gif
https://bassadv.com/db/pic/char2/78870627.gif	db/pic/char2/78870627.gif
https://bassadv.com/db/pic/char2/79006902.gif	db/pic/char2/79006902.gif
https://bassadv.com/db/pic/char2/80617818.gif	db/pic/char2/80617818.gif
https://bassadv.com/db/pic/char2/81277845.png	db/pic/char2/81277845.png
https://bassadv.com/db/pic/char2/81516981.gif	db/pic/char2/81516981.gif
https://bassadv.com/db/pic/char2/81734017.gif	db/pic/char2/81734017.gif
https://bassadv.com/db/pic/char2/82072238.gif	db/pic/char2/82072238.gif
https://bassadv.com/db/pic/char2/86974702.gif	db/pic/char2/86974702.gif
https://bassadv.com/db/pic/char2/88404911.png	db/pic/char2/88404911.png
https://bassadv.com/db/pic/char2/90113807.gif	db/pic/char2/90113807.gif
https://bassadv.com/db/pic/char2/93739202.gif	db/pic/char2/93739202.gif
https://bassadv.com/db/pic/char2/93914439.gif	db/pic/char2/93914439.gif
https://bassadv.com/db/pic/char2/94261755.gif	db/pic/char2/94261755.gif
https://bassadv.com/db/pic/char2/95842858.png	db/pic/char2/95842858.png
https://bassadv.com/db/pic/char2/96037217.gif	db/pic/char2/96037217.gif
https://bassadv.com/db/pic/char2/98355960.gif	db/pic/char2/98355960.gif
https://bassadv.com/db/pic/char2/98565859.gif	db/pic/char2/98565859.gif
https://bassadv.com/db/pic/frame/35554447.png	db/pic/frame/35554447.png
https://bassadv.com/db/pic/item/10300474.gif	db/pic/item/10300474.gif
https://bassadv.com/db/pic/item/11677229.gif	db/pic/item/11677229.gif
https://bassadv.com/db/pic/item/25476648.gif	db/pic/item/25476648.gif
https://bassadv.com/db/pic/item/26018075.gif	db/pic/item/26018075.gif
https://bassadv.com/db/pic/item/29763779.gif	db/pic/item/29763779.gif
https://bassadv.com/db/pic/item/37679376.gif	db/pic/item/37679376.gif
https://bassadv.com/db/pic/item/44081488.gif	db/pic/item/44081488.gif
https://bassadv.com/db/pic/item/44084662.gif	db/pic/item/44084662.gif
https://bassadv.com/db/pic/item/55084350.png	db/pic/item/55084350.png
https://bassadv.com/db/pic/item/58784771.gif	db/pic/item/58784771.gif
https://bassadv.com/db/pic/item/61845700.gif	db/pic/item/61845700.gif
https://bassadv.com/db/pic/item/79655664.gif	db/pic/item/79655664.gif
https://bassadv.com/db/pic/item/95907882.gif	db/pic/item/95907882.gif
https://bassadv.com/db/pic/room/11456191.jpg	db/pic/room/11456191.jpg
https://bassadv.com/db/pic/room/12181235.jpg	db/pic/room/12181235.jpg
https://bassadv.com/db/pic/room/13046907.jpg	db/pic/room/13046907.jpg
https://bassadv.com/db/pic/room/14561360.jpg	db/pic/room/14561360.jpg
https://bassadv.com/db/pic/room/15111229.jpg	db/pic/room/15111229.jpg
https://bassadv.com/db/pic/room/19171462.jpg	db/pic/room/19171462.jpg
https://bassadv.com/db/pic/room/19270522.jpg	db/pic/room/19270522.jpg
https://bassadv.com/db/pic/room/19473024.jpg	db/pic/room/19473024.jpg
https://bassadv.com/db/pic/room/19642722.jpg	db/pic/room/19642722.jpg
https://bassadv.com/db/pic/room/26974929.jpg	db/pic/room/26974929.jpg
https://bassadv.com/db/pic/room/28381494.jpg	db/pic/room/28381494.jpg
https://bassadv.com/db/pic/room/30978344.jpg	db/pic/room/30978344.jpg
https://bassadv.com/db/pic/room/32473779.jpg	db/pic/room/32473779.jpg
https://bassadv.com/db/pic/room/32611322.jpg	db/pic/room/32611322.jpg
https://bassadv.com/db/pic/room/34647443.png	db/pic/room/34647443.png
https://bassadv.com/db/pic/room/36117231.jpg	db/pic/room/36117231.jpg
https://bassadv.com/db/pic/room/37221723.jpg	db/pic/room/37221723.jpg
https://bassadv.com/db/pic/room/38586040.jpg	db/pic/room/38586040.jpg
https://bassadv.com/db/pic/room/41110402.jpg	db/pic/room/41110402.jpg
https://bassadv.com/db/pic/room/44617658.jpg	db/pic/room/44617658.jpg
https://bassadv.com/db/pic/room/45454906.jpg	db/pic/room/45454906.jpg
https://bassadv.com/db/pic/room/46965724.jpg	db/pic/room/46965724.jpg
https://bassadv.com/db/pic/room/48045140.jpg	db/pic/room/48045140.jpg
https://bassadv.com/db/pic/room/49506638.jpg	db/pic/room/49506638.jpg
https://bassadv.com/db/pic/room/50173845.jpg	db/pic/room/50173845.jpg
https://bassadv.com/db/pic/room/50751701.jpg	db/pic/room/50751701.jpg
https://bassadv.com/db/pic/room/51374214.jpg	db/pic/room/51374214.jpg
https://bassadv.com/db/pic/room/52975169.jpg	db/pic/room/52975169.jpg
https://bassadv.com/db/pic/room/53235296.jpg	db/pic/room/53235296.jpg
https://bassadv.com/db/pic/room/56965235.jpg	db/pic/room/56965235.jpg
https://bassadv.com/db/pic/room/59572913.jpg	db/pic/room/59572913.jpg
https://bassadv.com/db/pic/room/59775181.jpg	db/pic/room/59775181.jpg
https://bassadv.com/db/pic/room/60598295.jpg	db/pic/room/60598295.jpg
https://bassadv.com/db/pic/room/61578377.jpg	db/pic/room/61578377.jpg
https://bassadv.com/db/pic/room/64928702.jpg	db/pic/room/64928702.jpg
https://bassadv.com/db/pic/room/65159699.GIF	db/pic/room/65159699.GIF
https://bassadv.com/db/pic/room/66735593.jpg	db/pic/room/66735593.jpg
https://bassadv.com/db/pic/room/67379384.jpg	db/pic/room/67379384.jpg
https://bassadv.com/db/pic/room/69977382.jpg	db/pic/room/69977382.jpg
https://bassadv.com/db/pic/room/72528468.jpg	db/pic/room/72528468.jpg
https://bassadv.com/db/pic/room/73352226.jpg	db/pic/room/73352226.jpg
https://bassadv.com/db/pic/room/73553077.jpg	db/pic/room/73553077.jpg
https://bassadv.com/db/pic/room/73914125.jpg	db/pic/room/73914125.jpg
https://bassadv.com/db/pic/room/77302467.jpg	db/pic/room/77302467.jpg
https://bassadv.com/db/pic/room/82580430.jpg	db/pic/room/82580430.jpg
https://bassadv.com/db/pic/room/83014622.jpg	db/pic/room/83014622.jpg
https://bassadv.com/db/pic/room/85435546.jpg	db/pic/room/85435546.jpg
https://bassadv.com/db/pic/room/87415183.jpg	db/pic/room/87415183.jpg
https://bassadv.com/db/pic/room/88070078.jpg	db/pic/room/88070078.jpg
https://bassadv.com/db/pic/room/89642126.jpg	db/pic/room/89642126.jpg
https://bassadv.com/db/pic/room/90305613.jpg	db/pic/room/90305613.jpg
https://bassadv.com/db/pic/room/91271301.jpg	db/pic/room/91271301.jpg
https://bassadv.com/db/pic/room/93442623.jpg	db/pic/room/93442623.jpg
https://bassadv.com/db/pic/room/93793597.jpg	db/pic/room/93793597.jpg
https://bassadv.com/db/pic/room/94480300.JPG	db/pic/room/94480300.JPG
https://bassadv.com/db/pic/room/95357565.jpg	db/pic/room/95357565.jpg
https://bassadv.com/db/pic/room/95624282.jpg	db/pic/room/95624282.jpg
https://bassadv.com/db/pic/room/96565033.jpg	db/pic/room/96565033.jpg
https://bassadv.com/db/pic/room/96862773.jpg	db/pic/room/96862773.jpg
https://bassadv.com/db/pic/room/98241264.jpg	db/pic/room/98241264.jpg
https://bassadv.com/db/pic/room/99238980.jpg	db/pic/room/99238980.jpg
https://bassadv.com/db/sound/effect/49795857.mid	db/sound/effect/49795857.mid
https://bassadv.com/db/sound/effect/73021453.wav	db/sound/effect/73021453.wav
https://bassadv.com/db/sound/midtomp3/22305436.mp3	db/sound/midtomp3/22305436.mp3
https://bassadv.com/db/sound/midtomp3/27070356.mp3	db/sound/midtomp3/27070356.mp3
https://bassadv.com/db/sound/midtomp3/32757353.mp3	db/sound/midtomp3/32757353.mp3
https://bassadv.com/db/sound/midtomp3/34645612.mp3	db/sound/midtomp3/34645612.mp3
https://bassadv.com/db/sound/midtomp3/49795857.mp3	db/sound/midtomp3/49795857.mp3
https://bassadv.com/db/sound/midtomp3/58341357.mp3	db/sound/midtomp3/58341357.mp3
https://bassadv.com/db/sound/midtomp3/65481254.mp3	db/sound/midtomp3/65481254.mp3
https://bassadv.com/db/sound/midtomp3/85386446.mp3	db/sound/midtomp3/85386446.mp3
https://bassadv.com/db/sound/music/22305436.mid	db/sound/music/22305436.mid
https://bassadv.com/db/sound/music/27070356.MID	db/sound/music/27070356.MID
https://bassadv.com/db/sound/music/32757353.mid	db/sound/music/32757353.mid
https://bassadv.com/db/sound/music/34645612.MID	db/sound/music/34645612.MID
https://bassadv.com/db/sound/music/58341357.mid	db/sound/music/58341357.mid
https://bassadv.com/db/sound/music/65481254.mid	db/sound/music/65481254.mid
https://bassadv.com/db/sound/music/85386446.mid	db/sound/music/85386446.mid
https://bassadv.com/game.css	game.css
https://bassadv.com/game/close.png	game/close.png
https://bassadv.com/game/game.js	game/game.js
https://bassadv.com/game/gamebtn.css	game/gamebtn.css
https://bassadv.com/game/imagesloaded.pkgd.js	game/imagesloaded.pkgd.js
https://bassadv.com/game/loadxml.js	game/loadxml.js
https://bassadv.com/game/paint.js	game/paint.js
https://bassadv.com/game/utility.js	game/utility.js
https://bassadv.com/games/cover/56203040.jpg	games/cover/56203040.jpg
https://bassadv.com/rwd_manifest.json	rwd_manifest.json
https://bassadv.com/syspic/bassleafmark.png	syspic/bassleafmark.png
https://bassadv.com/syspic/search.png	syspic/search.png
https://bassadv.com/transparent.png	transparent.png
https://bassadv.com/url.gif	url.gif
